"Gene_Codon","Sample_Freq"
"KRAS_G12",7998
"PIK3CA_H1047",2459
"PIK3CA_E545",2179
"BRAF_V600",2116
"TP53_R273",1904
"TP53_R248",1692
"IDH1_R132",1587
"TP53_R175",1430
"PIK3CA_E542",1188
"NRAS_Q61",1162
"KRAS_G13",1014
"TP53_R282",710
"TP53_G245",708
"EGFR_L858",653
"AKT1_E17",623
"KRAS_Q61",603
"GNAS_R201",537
"TP53_Y220",484
"TP53_H179",445
"NRAS_G12",410
"SMAD4_R361",407
"FBXW7_R465",371
"PIK3CA_N345",356
"PTEN_R130",344
"TP53_C176",338
"CTNNB1_S37",334
"TP53_R158",326
"TP53_P278",323
"PIK3CA_Q546",320
"U2AF1_S34",314
"KRAS_A146",308
"TP53_S241",287
"TP53_R280",284
"DNMT3A_R882",273
"TP53_H193",272
"FGFR3_S249",267
"TP53_R249",263
"TP53_K132",261
"TP53_E285",259
"CTNNB1_S45",251
"FBXW7_R505",250
"PIK3CA_R88",248
"TP53_V173",242
"TP53_V157",239
"TP53_C135",238
"TP53_Y163",236
"TP53_C238",235
"IDH2_R140",229
"TP53_G266",229
"TP53_M237",222
"ERBB2_S310",220
"CTNNB1_S33",219
"TP53_G244",217
"TP53_R337",216
"TP53_V272",216
"TP53_I195",205
"BRAF_D594",196
"TP53_C242",196
"TP53_Y234",193
"CDKN2A_H83",191
"BRAF_G469",190
"TP53_D281",189
"CTNNB1_D32",185
"IDH2_R172",182
"TP53_P151",178
"TP53_C275",177
"CTNNB1_T41",175
"TP53_S127",166
"EGFR_A289",165
"TP53_V216",165
"HRAS_Q61",162
"FBXW7_R479",158
"TP53_Y236",157
"TP53_Y205",148
"TP53_R110",144
"PIK3CA_E453",141
"TP53_A159",140
"TP53_E286",140
"TP53_L194",140
"PIK3CA_M1043",139
"TP53_S215",137
"TP53_V274",137
"SF3B1_R625",133
"ERBB3_V104",132
"TP53_M246",129
"CTNNB1_G34",128
"PTEN_R173",123
"TP53_R213",123
"BRAF_G466",118
"PIK3CA_K111",118
"ERBB2_L755",112
"GNAQ_Q209",108
"PPP2R1A_R183",108
"SPOP_F133",107
"TP53_F270",107
"TP53_C141",105
"BRAF_K601",104
"TP53_G154",102
"PIK3CA_R93",96
"ATM_R337",95
"CDKN2A_D84",92
"TP53_P190",91
"TP53_F134",87
"HRAS_G13",85
"GNA11_Q209",83
"RAC1_P29",83
"TP53_C277",81
"TP53_E271",79
"TP53_H214",78
"TP53_A161",74
"CDKN2A_D108",73
"HRAS_G12",71
"TP53_R283",70
"NFE2L2_R34",69
"SMAD4_G386",69
"PIK3CA_G106",67
"TP53_V143",67
"NFE2L2_E79",65
"PIK3CA_R38",64
"TP53_D259",62
"FLT3_D835",61
"KIT_D816",61
"FGFR3_Y373",60
"EGFR_G598",59
"TP53_T155",56
"RHOA_G17",55
"TP53_L111",55
"FBXW7_S582",54
"TP53_R156",54
"TP53_A138",53
"FBXW7_R689",50
"CCND1_P287",49
"RAF1_S257",49
"NFE2L2_D29",47
"TP53_E224",46
"TP53_P177",46
"SMARCA4_R1192",44
"NFE2L2_G31",43
"PIK3R1_G376",43
"SMARCA4_T910",43
"SPOP_F102",42
"PTEN_G132",41
"TP53_F109",39
"PTEN_G129",38
"TP53_I251",38
"ERBB3_A232",37
"KRAS_A59",36
"SPOP_W131",35
"TP53_G334",35
"SMAD4_G352",34
"TP53_K120",33
"NFE2L2_E82",32
"NFE2L2_W24",32
"TP53_L145",32
"ARID2_R314",31
"PIK3CA_C378",30
"TP53_V218",30
"TP53_Q136",28
"TP53_T253",28
"KRAS_L19",27
"FGFR3_K650",26
"CIC_R215",25
"RIT1_M90",25
"CTNNB1_K335",24
"ERCC2_N238",24
"NFE2L2_G81",24
"POLE_V411",24
"PTEN_C136",24
"CDKN2A_M53",23
"ARID2_S297",21
"KNSTRN_S24",21
"PRKCI_R480",20
"ARAF_S214",19
"PTPN11_G60",19
"RHOA_Y42",19
"NFE2L2_L30",18
"PTEN_Y27",18
"STK11_G242",18
"EIF1AX_G9",17
"SMAD3_R268",17
"CREBBP_D1435",16
"GNAS_R160",16
"KEAP1_R470",16
"RXRA_S427",16
"NFE2L2_T80",15
"PTEN_G36",15
"TP53_K139",15
"RRAS2_Q72",14
"TP53_Q331",14
"GRIN2A_R1159",13
"PIK3CB_D1067",13
"FGFR3_G370",12
"PTEN_H61",12
"EIF1AX_G6",11
"PTEN_R159",11
"RHOA_E40",11
"HRAS_K117",10
"PTEN_L108",10
"VHL_L158",10
"GRIN2A_R1067",9
"RUNX1T1_E238",9
"SMARCA4_G782",8
"ERBB4_F1102",7
"ERCC3_E259",7
"PTPN11_F71",7
"ASXL2_E330",6
"CDK4_K22",6
"CREBBP_W1472",6
"ERBB3_P306",6
"KEAP1_A95",6
"MTOR_V2406",6
"SETD2_C1501",6
"AKT2_D324",5
"EIF1AX_W70",5
"CHEK2_H143",4
"GREM1_R3",4
"RRAS2_A70",4
